-- phpMyAdmin SQL Dump
-- version 5.2.0
-- https://www.phpmyadmin.net/
--
-- 主機： 127.0.0.1
-- 產生時間： 2022-07-28 11:00:52
-- 伺服器版本： 10.4.24-MariaDB
-- PHP 版本： 8.1.6

SET SQL_MODE = "NO_AUTO_VALUE_ON_ZERO";
START TRANSACTION;
SET time_zone = "+00:00";


/*!40101 SET @OLD_CHARACTER_SET_CLIENT=@@CHARACTER_SET_CLIENT */;
/*!40101 SET @OLD_CHARACTER_SET_RESULTS=@@CHARACTER_SET_RESULTS */;
/*!40101 SET @OLD_COLLATION_CONNECTION=@@COLLATION_CONNECTION */;
/*!40101 SET NAMES utf8mb4 */;

--
-- 資料庫： `speacup`
--

-- --------------------------------------------------------

--
-- 資料表結構 `board_categories`
--

CREATE TABLE `board_categories` (
  `cid` int(200) NOT NULL,
  `board_name` varchar(256) NOT NULL
) ENGINE=InnoDB DEFAULT CHARSET=utf8mb4;

--
-- 傾印資料表的資料 `board_categories`
--

INSERT INTO `board_categories` (`cid`, `board_name`) VALUES
(1, '時事'),
(2, '美食'),
(3, '演藝');

-- --------------------------------------------------------

--
-- 資料表結構 `collection`
--

CREATE TABLE `collection` (
  `post_id` int(11) NOT NULL,
  `user_id` int(11) NOT NULL,
  `collection_action` varchar(20) NOT NULL
) ENGINE=InnoDB DEFAULT CHARSET=utf8mb4;

--
-- 傾印資料表的資料 `collection`
--

INSERT INTO `collection` (`post_id`, `user_id`, `collection_action`) VALUES
(1, 2, 'collect'),
(2, 1007923282, 'collect'),
(125, 949279425, 'collect'),
(126, 949279425, 'collect'),
(136, 949279425, 'collect'),
(219, 1007923282, 'collect'),
(228, 1008238688, 'collect'),
(230, 1008238688, 'collect'),
(232, 1008238688, 'collect'),
(238, 1008238688, 'collect'),
(267, 1008238688, 'collect');

-- --------------------------------------------------------

--
-- 資料表結構 `comments`
--

CREATE TABLE `comments` (
  `cid` int(11) NOT NULL,
  `post_id` int(11) NOT NULL,
  `userid` int(11) NOT NULL,
  `comment` varchar(255) NOT NULL,
  `date_added` datetime NOT NULL
) ENGINE=InnoDB DEFAULT CHARSET=utf8mb4;

--
-- 傾印資料表的資料 `comments`
--

INSERT INTO `comments` (`cid`, `post_id`, `userid`, `comment`, `date_added`) VALUES
(18, 19, 468493376, '感謝你的認同!方便加個好友嗎?', '2022-07-27 16:54:48'),
(19, 20, 579009785, '那要不要加個好友聊聊，一起去吃呢?', '2022-07-27 17:35:12'),
(20, 20, 468493376, '好呀!', '2022-07-27 17:38:27');

-- --------------------------------------------------------

--
-- 資料表結構 `friends`
--

CREATE TABLE `friends` (
  `friend_id` int(11) NOT NULL,
  `user1` int(11) NOT NULL,
  `user2` int(11) NOT NULL,
  `date_Added` datetime NOT NULL
) ENGINE=InnoDB DEFAULT CHARSET=utf8mb4;

--
-- 傾印資料表的資料 `friends`
--

INSERT INTO `friends` (`friend_id`, `user1`, `user2`, `date_Added`) VALUES
(18, 468493376, 113812183, '2022-07-27 10:09:49'),
(19, 468493376, 674762705, '2022-07-27 10:10:30');

-- --------------------------------------------------------

--
-- 資料表結構 `like_dislike`
--

CREATE TABLE `like_dislike` (
  `post_id` int(11) NOT NULL,
  `user_id` int(11) NOT NULL,
  `rating_action` varchar(20) NOT NULL
) ENGINE=InnoDB DEFAULT CHARSET=utf8mb4;

--
-- 傾印資料表的資料 `like_dislike`
--

INSERT INTO `like_dislike` (`post_id`, `user_id`, `rating_action`) VALUES
(125, 949279425, 'like'),
(126, 949279425, 'like'),
(136, 949279425, 'like'),
(138, 1647758706, 'like'),
(142, 949279425, 'like');

-- --------------------------------------------------------

--
-- 資料表結構 `messages`
--

CREATE TABLE `messages` (
  `msg_id` int(11) NOT NULL,
  `incoming_msg_id` int(255) NOT NULL,
  `outgoing_msg_id` int(255) NOT NULL,
  `msg` varchar(1000) NOT NULL,
  `timestamp` timestamp NOT NULL DEFAULT current_timestamp()
) ENGINE=InnoDB DEFAULT CHARSET=utf8mb4;

--
-- 傾印資料表的資料 `messages`
--

INSERT INTO `messages` (`msg_id`, `incoming_msg_id`, `outgoing_msg_id`, `msg`, `timestamp`) VALUES
(22, 113812183, 468493376, 'Hello!妳有500元嗎?', '2022-07-27 08:30:45'),
(23, 674762705, 468493376, '要不要去吃肯德基?', '2022-07-27 08:35:26'),
(24, 468493376, 113812183, '沒有，詐騙滾!', '2022-07-27 08:36:48'),
(25, 468493376, 674762705, '走，好ㄘ', '2022-07-27 08:37:22'),
(26, 468493376, 579009785, '哈囉，你好呀!', '2022-07-27 15:43:39'),
(27, 468493376, 579009785, '我是小帥，有點晚了，我先去休息，明天再聊!', '2022-07-27 15:44:01'),
(28, 579009785, 468493376, '好呀，我們明天再聊!', '2022-07-27 15:46:41'),
(29, 579009785, 468493376, '台中美食哪時要一起去吃呢?', '2022-07-27 15:49:19'),
(30, 468493376, 579009785, '下禮拜日?', '2022-07-27 15:58:41');

-- --------------------------------------------------------

--
-- 資料表結構 `notifications`
--

CREATE TABLE `notifications` (
  `noti_id` int(11) NOT NULL,
  `noti_From` int(11) NOT NULL,
  `noti_To` int(11) NOT NULL,
  `message` mediumtext NOT NULL,
  `date_Added` datetime NOT NULL
) ENGINE=InnoDB DEFAULT CHARSET=utf8mb4;

--
-- 傾印資料表的資料 `notifications`
--

INSERT INTO `notifications` (`noti_id`, `noti_From`, `noti_To`, `message`, `date_Added`) VALUES
(50, 468493376, 674762705, '<img src=\"./php/images/1658460092pose_reiwa_woman.png\"  height=70px width=70px><a style=\"text-decoration:none\" href=\"m-index.php?user_id=468493376\">小美</a> 希望與你當朋友</br>\r\n        <button class=\"btn btn-primary btnAccept\" data-type=\"1\" data-reqSendingFrom=\"468493376\">同意</button> \r\n        <button class=\"btn btn-success btnReject\" data-type=\"2\" data-reqSendingFrom=\"468493376\">抱歉</button>', '2022-07-27 10:07:42'),
(51, 468493376, 113812183, '<img src=\"./php/images/1658460092pose_reiwa_woman.png\"  height=70px width=70px><a style=\"text-decoration:none\" href=\"m-index.php?user_id=468493376\">小美</a> 希望與你當朋友</br>\r\n        <button class=\"btn btn-primary btnAccept\" data-type=\"1\" data-reqSendingFrom=\"468493376\">同意</button> \r\n        <button class=\"btn btn-success btnReject\" data-type=\"2\" data-reqSendingFrom=\"468493376\">抱歉</button>', '2022-07-27 10:07:54');

-- --------------------------------------------------------

--
-- 資料表結構 `posts`
--

CREATE TABLE `posts` (
  `aid` int(11) NOT NULL,
  `cid` int(200) DEFAULT NULL,
  `unique_id` int(200) DEFAULT NULL,
  `title` varchar(256) NOT NULL,
  `content` varchar(5000) NOT NULL,
  `likes` int(255) NOT NULL DEFAULT 1,
  `angry` int(255) NOT NULL,
  `created` datetime NOT NULL
) ENGINE=InnoDB DEFAULT CHARSET=utf8mb4;

--
-- 傾印資料表的資料 `posts`
--

INSERT INTO `posts` (`aid`, `cid`, `unique_id`, `title`, `content`, `likes`, `angry`, `created`) VALUES
(123, 2, 579009785, '台中百年一德洋樓 美食打卡新熱點', '舊建物該存該廢？還是可以留住歷史風華、華麗轉身？台中市有多個機關單位身處老舊建築內，公務員得在危險環境中辦公，危機重重，市府推進搬遷改建，又面臨覓地、經費問題。台中市一德洋樓、霧峰民生故事館等歷史建物，透過民間招商引資，走出新篇章，更成為遊客打卡新景點。\r\n\r\n台中市有多個機關迄今仍身處老舊建物中，像是屋齡47年的台中市第二警分局育才派出所，仍在尋覓重建地點；位於豐原的社口派出所則在整建中；外埔消防分隊重建時程迄今未定。台中市都發局指出，針對老舊公有廳舍整修或重建，都發局受理都市更新整維及危老重建補助，由各機關編列預算整修或重建。\r\n\r\n另一方面，市府也透過委外經營，賦予歷史建築新生命，像是興建於1928年的「林懋陽故居一德洋樓」，原為神岡社口望族林懋陽迎娶北屯賴氏家族賴端時家族購地興建，爾後他迎娶妾氏，在舊宅旁又興建日式洋樓「小姨樓」。\r\n\r\n國民政府來台後於其周邊擴建「一德新村」安置軍眷，整個建築群不僅保有閩式傳統三合院、屋架與土埆磚牆，也有日式書院樣式的和室跟獨棟的西式洋樓，還保留了部分眷村建築。\r\n\r\n台中市文化局2007年將一德洋樓建築群登錄歷史建築，去年易手經營，新的營運團隊引進曾獲米其林餐盤及必比登推薦的膳馨集團加入，成為馨苑小料理洋樓店，透過美食引來饕客，文資建築結合創意美食，也為全台復興歷史建物開啟新方向。\r\n\r\n霧峰區的「霧峰民生故事館」原是已故醫師「阿飛仙仔」林鵬飛的「民生診所」和故居，霧峰農會數年前買下後改造成開設販賣有機食材的農學食堂，今年3月更轉型為「黑翅鳶麵食館」，將農民種植的蕎麥、小麥製成蕎麥麵、黑翅鳶麵，轉變成一道道美味的叉燒麵、古早乾拌麵、蕎麥冷麵等美食，將霧峰區農會大力推廣的友善小麥及蕎麥，轉化成為美味的友善餐飲。', 2, 0, '2022-07-25 10:20:54'),
(124, 2, 579009785, '夏日市集派對 設美食攤與闖關有吃有得玩', '到了暑假，不少人喜歡和朋友聚會，有業者舉辦市集活動，現場除了有美食可吃，還有有闖關活動和現場DJ表演，讓民眾可以度過夏日時光。', 10, 40, '2022-07-25 10:21:22'),
(125, 2, 579009785, '搶攻暑假旅遊財 飯店推出「夏季強身美食」攬客', '民視新聞網\r\n2022年7月24日 週日 下午11:39\r\n疫情逐漸趨緩，又正逢暑假，旅遊人潮開始回籠。看準遊客轉往戶外旅遊的心情，宜蘭在地有機業者，選在落雨松秘境，推出有機野餐活動。另外，飯店業也摩拳擦掌，有的飯店餐廳力推\"夏季強身美食\"當噱頭，招攬遊客。\r\n\r\n新鮮肥美的鰻魚，放在烤爐上，油脂滴到烤盤，滋滋作響。再塗上獨門醬汁，放進油鍋高溫快炸，經過主廚細心烹調，鰻魚一刀切下，金黃酥脆，讓人食指大動。\r\n\r\n饕客說，「它不會是很乾，是有一點濕潤濕潤，帶點黏黏的感覺，然後濃濃的鰻魚味道，真的很棒好滿足。」\r\n口味獨特，讓饕客直呼好滿足。炎炎夏日，宜蘭飯店業者，推出夏季會席料理，運用在地食材，搭配精緻的擺盤，讓民眾在酷暑中，大啖美食也能補身體。\r\n\r\n飯店主廚表示，「每年7/10可能到8/18，是他們日本最熱的一段時間，因為可能人會容易厭倦，就是藉由鰻魚然後食補，來增強他們體力。」', 40, 6, '2022-07-25 10:22:07'),
(126, 2, 579009785, '「高雄日嚐366」推薦 快來手滑秒入心中最難忘美食', '【記者王苡蘋／高雄報導】還在滑手機回味那些令你難以忘懷的異國料理，不用心急，馬上來趟高雄異國美食之旅就對了！幅員廣大的高雄擁有多元族群及國際特色，不同背景的特色料理，逐漸融合發展出屬於在地的經典美味，不論是東南亞、日韓、泰式等異國料理，都成為外地遊客或高雄人追尋的那一味。高雄市觀光局現正舉辦「高雄日嚐366」美食活動，邀請民眾熱推13個主題美食，目前來到國際美食推薦，像是東南亞、日韓、美式、法式、義式、印度等各國料理，下一波的海鮮熱炒、鍋物及素食料理主題，也在7月22日至30日開放推薦，觀光局熱邀大家來大推最讓你魂牽夢縈的高雄美味，並分享你與美食間的心情故事。\r\n\r\n觀光局長周玲妏表示，高雄日嚐366活動經網友民眾熱烈推薦多樣異國料理中，也有許多精彩的故事，如位於甲仙的柬埔寨料理「漾廚房」，沈文香老闆娘是已經嫁來台灣25年的柬埔寨新住民，她將思念家鄉的心情化做一道道美味，憑著一碗「豬肉河粉湯」讓許多新住民姐妹，不惜遠從市區專程來一解鄉愁，老闆娘說：「姐妹們吃的不是河粉，是鄉愁」，也讓首次嚐鮮的客人表示口味獨特、回味無窮、紛紛大力推薦；還有高雄老字號的日式料理「小園」，也廣受民眾推薦，店內日式包廂裝潢及穿和服的店員，讓客人有一秒穿越到日本的感覺，澎湃平價的海鮮丼飯、盛裝新鮮的生魚片定食、壽司等料理，讓每個饕客都不虛此行，滿足完食！希望大家不要害羞，用力推薦自己心中的高雄味！\r\n\r\n另外有「法餐南霸天」之稱，擁有30多年西餐廚藝經驗的「簡天才」主廚，以自己的英文名字所開設的法式料理餐廳「THOMASCHIENRESTAURANT」，兼納台灣優質與世界頂級的食材，創作出風格輕盈、創新格局的新法式料理，深受饕客喜愛的招牌菜色「綠竹筍扇貝凍派」是取材台灣綠竹筍來製作成經典法式凍派，由產地直送廚房再到餐桌，涼爽剔透，最適合炎炎夏日品嚐；此外在高雄也可以品嚐到，在北部連續3年拿到米其林餐盤推薦的「鈺善閣·素·養生懷石」養生蔬食料理，使用當季天然食材，以料理藝術化理念創作，絕對顛覆你對素食的印象！歡迎大家快來跟我們分享健康系素食餐廳的餐點吧！\r\n\r\n熱情的暑假正展開，觀光局在旗津舉辦的「2022旗津黑沙玩藝節」及「高雄啤酒嘉年華」活動，介紹大家高雄夏日最Chill的消暑方式，就是到高雄旗津海邊玩水、與三五好友相約清涼啤酒配海鮮熱炒，FUN鬆人生！歡迎大家不藏私的推薦足以代表高雄的厲害海鮮熱炒店家；此外，去年讓饕客暴動的大港吃鍋又要考驗你的記憶了，還記得你心中最愛的是那一鍋嗎？快上官網推薦給我們知道。\r\n\r\n觀光局進一步指出，歡迎全國民眾來「高雄日嚐366」專屬網站（網址：https://www.khh366.info/）推薦你最難忘的各式高雄美味料理，及留下你與美食邂逅的心情小故事，就有機會抽中最大獎「Gogoro」還有iphone13、Switch、高雄萬豪酒店住宿券等精美好禮。每兩波推薦主題提名完，就會進行一次抽獎，共有四梯次的抽獎機會，獎品總價值超過15萬元！還等什麼！千萬別錯過！相關更多旅遊及活動資訊，請上高雄旅遊網網站(https://khh.travel/)、FB官方粉專（https://reurl.cc/NAkZXQ）及IG（https://reurl.cc/VDGdX6）查詢。', 20, 2, '2022-07-25 10:22:36'),
(127, 1, 469070290, '《外星+人》奪韓國票房冠軍　金宇彬1人扮4角嘆：我太難了', '斥資超過400億韓元打造的年度科幻武俠巨作《外星+人》，昨（20日）在韓上映後，擊退同天上映的《小小兵2：格魯的崛起》，登上韓國票房冠軍，台灣觀眾也將於下週三7月27日起領教由崔東勳導演執導，集合金泰梨、柳俊烈、蘇志燮、金宇彬、廉晶雅、趙祐鎮、李荷妮與金義城等一流演員出演的絕佳魅力。\r\n\r\n金宇彬在《外星+人》中飾演管理外星人囚犯護送任務的「卡德」一角，他表示：「運用想像力的動作戲非常辛苦，一開始感到很害怕，但在現場接受武打團隊的幫忙，讓拍攝進行得很順利！」金宇彬在電影中一人分飾4角，展現更具魅力的演技，對此他表示，「演戲的當下真的滿困難的，因為要表現出每個人物的不同之處，必須找到他們的差異點。在導演的執導之下，為了讓觀眾覺得角色之間的對話很有趣，我努力展現他們的特徵去詮釋這4個角色。」另外，對於看完《外星+人》的感想，金宇彬表示：「這是部用大銀幕會更有趣的電影，請大家一定要去戲院觀賞！也請大家不論有多忙，都記得一定要去健康檢查！」\r\n繼電影《小森林》後，柳俊烈二度和金泰梨合作，兩人在《外星+人》中逗趣的互動也是本作的看點之一，據說戲外的他們感情也很好，柳俊烈表示：「我和金泰梨除了拍攝以外，私下也會見面互相傾訴煩惱。我在拍攝現場不太會緊張，但泰梨好像跟我相反，第一天拍攝結束後她跟我說幸好有我在，這讓我感到很開心，有種被依賴的感覺，後來我也毫無負擔地仰賴她。」柳俊烈還透露他和金泰梨的動作戲是個別拍攝的，會互相確認彼此的動作為對方加油，也常常一起運動，開心進行拍攝也成為他們工作的動力。金泰梨也說她和柳俊烈之間就像戰友一樣，是志同道合的朋友，也是她很喜愛的演員。此外，金泰梨還表示柳俊烈的某一點令她十分羨慕，她說：「柳俊烈的手很漂亮，高麗武術中會需要用到漂亮的手部動作，我的手很小，所以很羨慕柳俊烈能展現出漂亮的手部線條，能令人看了樂在其中！」', 54, 2, '2022-07-25 10:26:53'),
(128, 1, 469070290, '張文綺遭前男友封鎖 覓伴急脫單', '張文綺24日出席《練習與自己對話：願意當個傻女孩》簽書記者會，她過去曾認愛小5歲的紀詠勳，2人交往一年半後和平分手，她昨透露對方已有新對象，她相當開心也獻上祝福。不過，她日前要傳微信給對方時發現訊息無法送出，才知道自己已被封鎖，她覺得可能是之前雙方媽媽連絡時，張媽媽有意約對方媽媽到張文綺新家作客，覺得不妥的張文綺出聲制止，意外造成誤會。\r\n\r\n被問到下半年計畫時，張文綺笑說最大目標就是「脫單」，理想型是要有相同信仰、身高178公分以上的陽光運動型男。演藝圈中有沒有理想對象？她大讚江宏傑是個不錯的好男人，顧家又愛小孩。她積極要大家幫她介紹對象，日前好友有意介紹一位教會同事給她，對方相當符合她的理想型條件，她害羞表示，如果2人有進一步的發展就會跟大家分享，但她一定會等到雙方感情穩定才說。\r\n\r\n張文綺在台中所經營的鹽酥雞店，每天都吸引大批粉絲、民眾朝聖，生意好到曾讓顧客等候2個半小時以上，她透露已新增炸爐，也有意在台北開設分店，只是時間、地點都還在尋找。', 6, 3, '2022-07-25 10:27:09'),
(129, 1, 469070290, '不忍了！閨密爆福原愛已返日　怒控江宏傑「趕盡殺絕」內幕', '桌球好手江宏傑昨（24）日因前妻、日本桌球天后福原愛來台後失聯，罕見動怒發文，直指「不懂昨天這是什麼善意的交接，從昨晚到帶走到現在，不接電話也不回覆訊息，這叫做善意的對家人好？」對此，福原愛閨密兼私人教練湯媛媛昨晚間為女方發聲，痛批江宏傑趕盡殺絕。\r\n\r\n對於江宏傑的發文，經紀公司華研指出，「福原愛目前在台灣，但何時回來的不清楚」並透露，福原愛接走其中一位家人，另一位家人還在小傑身邊，不過女方接走家人後就失聯，男方才會在中午發限時動態。\r\n\r\n對此，湯媛媛在微博發文感嘆，一年半了，誰能體會一位媽媽一直見不到家人的心情？「多少苦多少淚都自己咽了下去，我都看在眼裡疼在心裡」。並指控，「在這期間江先生不斷放出各種新聞，做出好爸爸的形象」但事實上卻是不斷阻止讓福原愛帶回她家人\r\n\r\n為了維護福原愛，湯媛媛砲火相當猛烈，直指江宏傑明明知道家人可以安全在福原愛身邊，「卻選擇去誣告、謊報失蹤」。文末透露愛醬到日本已經報平安，「江先生，你真的要這樣用網路媒體趕盡殺絕一位媽媽嗎？」對此，據《自由時報》報導，江宏傑經紀公司不回應。', 12, 300, '2022-07-25 10:27:43'),
(130, 3, 1563353740, '懷疑他與前妻交往　惡煞行刑式槍決滷味攤老闆奪命', '台中市潭子區昨日發生槍擊命案，36歲滷味攤曾姓老闆出攤時，遭惡煞連開3槍，曾男頭部中彈，急救後宣告不治，2名犯嫌行兇後立刻逃逸，警方目前鎖定41歲林姓男子涉有重嫌，初步懷疑是感情糾紛，曾男疑似在與林男前妻交往，林男心生不滿下才會報復，確切案情仍須釐清。\r\n\r\n據了解，曾男目前未婚，獨自經營滷味攤，平時生意不錯，藝人澎恰恰和大甲鎮瀾宮董事長顏清標都曾來光顧，曾男與附近攤商都相處融洽，他卻於昨日遇上死劫，出攤時遭林男開槍奪命。\r\n\r\n林男犯案後立刻逃逸，跳上接應車輛往太平區行駛，警方已鎖定兇嫌行蹤，正一路追緝中，初步懷疑林男是因感情糾紛痛下殺手，林男前妻疑似與曾男正交往中，林男心生不滿才報復，確切案情仍須釐清，警方則全力追捕兇嫌中。', 4, 444, '2022-07-25 10:30:49'),
(131, 3, 1563353740, '漢光開打！ 05:30全台戰機升空警戒、疏散 全面保存戰力', '〔記者游太郎／花蓮報導〕「漢光38號」實兵演習今天登場，首日演練各軍種「戰力保存」，模擬中國對我發動攻擊，空軍花蓮基地的F-16V戰機清晨五時卅分即分批緊急升空，全力悍衛東部空域，並掩護包括新竹基地的幻象戰機等平安轉場佳山基地，保存空軍戰力、整補後待命反擊。\r\n\r\n「漢光38號」演習25日至29日連續5天登場，國軍今年針對「戰力保存、整體防空」、「聯合截擊」、「聯合國土防衛」等要項進行操演，衡山指揮所今天清晨下達命令，全台三軍部隊全面疏散、警戒，部分部署在西部的戰機轉場飛往東部佳山、志航等基地，各部隊並演練遭敵機、飛彈襲擊時的各項防衛作為。\r\n\r\n清晨5時30分，空軍花蓮基地F-16V戰機分成4批、10架次起飛，全面警戒包括東北部及東部空域，掩護來自新竹4批、8架次幻象戰機轉場佳山基地，其中一架幻象戰機掛載暱稱「法國麵包」的電戰莢艙，針對可能面對敵機時實施電戰應變作為，8架戰機落地後立即在地勤人員引導下，迅速進入洞庫內進行整補作業，待命升空反擊。\r\n\r\n幻象戰機掛載平日甚少出現的ASTAC電子情報偵蒐莢艙，長4.1公尺、重400公斤，長條形的外表被暱稱為「法國麵包」，多次在漢光演習中擔任電偵任務，作戰時可以偵察特定區域內敵機或防空雷達的電子參數，還可支援電子戰，協助標定敵方的防空系統(包括雷達及防空飛彈陣地)，偵蒐距離可達80公里，可針對中國沿海的防空陣地及敵機實施雷達參數蒐集，協助機隊構建空中安全走廊。\r\n\r\n空軍花蓮基地除了緊急升空確保東部空優外，也模擬基地受到中國飛彈攻擊，未升空的F-16V戰機透過連絡道，緊急駛入佳山基地洞庫內保存戰力及整補，從公路涵洞上方經過時，震耳欲聾引擎聲，引起騎車經過的青少年們驚呼連連，大喊「漢光演習開始囉！」，顯見全民國防已收到初步成效。', 50, 3, '2022-07-25 10:31:11'),
(132, 3, 1563353740, '刮傷賓士「被求償2萬」　女騎士拒絕一招回擊被讚爆', '一名女騎士分享自己日前騎車時，不小心撞到單行道上的花盆，結果車子倒下後，不小心刮到路邊一輛賓士車。對方開口2萬元和解，否則揚言提告。當下女網友拒絕對方，找來警方處理，沒想到最後結局大翻轉，車子維修費用全權由保險公司處理，賓士車主則是吃上一張違停罰單，不少網友看完後紛紛大讚「幹得好！」\r\n\r\n原PO日前在臉書社團「爆怨公社」發文提到，「超額險這種東西真的很好用，尤其是對付亂停車還會大聲說要告你的進口轎車」。日前她騎車行經一處單行道，有一輛賓士車停在那裡，結果她機車不慎撞到路邊花盆導致車子倒下，不小心刮到賓士車，當下就立刻按門鈴詢問是誰的車。最好笑有一個阿桑開門說，「這個巷子也沒攝影機，妳就趕快走，沒有人知道！」但原PO自認無論在道德還是法律上，當然不能這麼做。\r\n\r\n事後女網友找到賓士車主，對方是個大老闆不願叫警察，稱說這輛是公司車，出險會折舊，並要她拿出2萬元賠償和解，自己則會找熟識車廠修車。女網友聽完當下感到疑惑，隨即連繫保險業務詢問，得知自己有保「超額險」，可以全責理賠，對方更提醒要她別私下和解。\r\n\r\n最後原PO報警，沒多久員警到場，賓士車主竟開始大喊，「保險不夠賠要告妳，維修中代步車費用、車子折舊率也算妳的…」，原PO心想只是小刮傷，沒注意看還不會發現到，她還自己指出刮痕在哪裡。', 40, 33, '2022-07-25 10:31:51'),
(133, 3, 1563353740, '【弱勢女冤獄悲歌】遭冒名犯案莫名坐牢　她蒙冤16年司法裝傻踢皮球', '真的太離譜！一名出身新竹縣偏遠山區的泰雅族女子小淑，雖有國小學歷，但幾乎不識字，18年前突然被警察逮捕。不善表達的她不知為何要被抓去坐牢，只告訴警察她沒有偷機車，不懂如何維護自己的權益，就這樣糊裡糊塗坐了5個月冤獄，直到日前冒用她身分的嫌犯因案被逮、按捺指紋，才讓這起沉寂多年的冤案曝光。\r\n\r\n最高檢察署為此提出非常上訴，希望為這起離譜的冤獄討回公道，沒想到最高法院竟然駁回，理由是審判沒有錯誤，錯的是檢察官執行搞錯對象，把問題丟回給檢方，院檢互踢皮球，再次讓司法威信掃地。\r\n\r\n本刊調查，蒙冤的劉淑萍（下稱小淑）1978年出生在新竹縣偏遠山區，今年44歲，雖有國小學歷，但幾乎不識字；至於真正的竊嫌劉夢萍（下稱小夢），1988年生，今年34歲，雖然2人姓名僅差中間一個字，但年齡相差10歲，理應很容易分辨，檢警卻都未察覺，無故將小淑關進監獄。\r\n\r\n離譜的是，全案經審理真正犯嫌小夢的法官告知，小淑才知道自己有權救濟，而非像她父親所說「被關完就算了」，因此找上法律扶助基金會協助，遞狀請求最高法院檢察署檢察總長聲請非常上訴，檢察總長日前提出非常上訴書給最高法院，沒想到，最高法院認為該案判決無誤，錯的是檢察官執行搞錯對象，一審判決後檢察官未合法送達給真嫌本人，所以蒙冤的小淑不是提起非常上訴及再審的主體，駁回非常上訴。\r\n\r\n最高法院的法律見解，讓好不容易有望平冤的案件又被打回原形，把問題丟回檢方，院檢大玩文字遊戲，受害的卻是弱勢的小淑。', 77, 90, '2022-07-25 10:32:18'),
(134, 3, 468493376, '熱穹蓋頂噴射氣流脫序 熱浪強襲歐美氣溫猛飆', '（中央社華盛頓/布魯塞爾24日綜合外電報導）歐洲和美國今夏遭遇嚴重熱浪侵襲，氣溫迭創新高。科學家指出，除了人類燃燒化石燃料導致氣候變遷，北極暖化、噴射氣流遷移、熱穹現象也都是發生熱浪主因。\r\n\r\n英國氣象局表示，英國日前首度測到超過攝氏40度氣溫。歐洲多國則分別出現逾45度高溫；法國、西班牙、葡萄牙、義大利、希臘都傳野火。\r\n\r\n世界衛生組職 （WHO）歐洲區域辦事處主任克魯格（Hans Kluge）22日發表聲明說：「今年這波熱浪，光在西班牙和葡萄牙已造成超過1700人身亡。」而這數字只是各國回報的初步統計，且「這個炎熱夏季才剛過一半」，他預料死於熱浪人數還會進一步上升。\r\n\r\n與此同時，美國也受到極端氣候衝擊，數千萬人已因熱浪而彷彿置身烤爐中。然而，創紀錄高溫恐將繼續攀升，中部未來數天可能飆破41度。從波士頓到費城再到華盛頓的東北岸城市都已出現高溫緊急狀況，連平常涼爽的西北部太平洋岸下週料有數日超過32度。\r\n\r\n路透社根據科學家說法，將造成熱浪的原因整理如下：\r\n\r\n●北極暖化和噴射氣流遷移\r\n\r\n北極正以較整個地球快3到4倍速度暖化，意味北方氣溫與近赤道地區氣溫差異較以前小。據伍德威爾氣候研究中心（Woodwell Climate Research Center）資深科學家佛朗西斯（Jennifer Francis）指出，這導致北極噴射氣流擺動，因而會造成諸如熱浪、洪水等極端天氣事件。\r\n\r\n●熱穹現象\r\n\r\n海洋溫度升高導致熱穹現象，會將熱空氣困在大面積地理區域內。據美國氣象預報中心（Weather Prediction Center），本週末從奧克拉荷馬州（Oklahoma）和阿肯色州（Arkansas）南部平原一帶，一路延伸東部沿海地區，都籠罩在熱穹現象中。\r\n\r\n科學家已經發現，熱帶太平洋地區前一個冬季海水溫度由西至東急遽變化，是發生熱穹現象主因。美國國家海洋暨大氣總署（National Oceanic and Atmospheric Administration）表示：「盛行風將熱空氣往東吹，噴射氣流北移將熱空氣困住並且送向陸地，沉降氣流造成了熱浪。」\r\n\r\n●聖嬰現象與反聖嬰現象\r\n\r\n所謂「聖嬰現象」和比較不常見的「反聖嬰現象」每隔幾年會出現，前者將赤道太平洋溫暖海水帶到北美西岸；後者則帶來冷水。\r\n\r\n目前其實是發生反聖嬰現象，夏季溫度本應呈現下降趨勢，因此當下一次聖嬰現象發生時，嚴重熱浪可能會達到什麼程度，不免令氣象科學家引以為憂。屆時夏天恐怕還會更熱。\r\n\r\n●人類影響氣候變遷\r\n\r\n科學家指出，燃燒化石燃料導致氣候變遷，此一全球現象當然也是眼前熱浪發生的原因之一。\r\n\r\n加州大學洛杉磯分校（UCLA）氣候科學家史文（Daniel Swain）說：「氣候變遷使得極端、史無前例高溫事件不但更強烈也更常見，而且對全球各地而言幾乎都會很普遍。」（譯者：何宏儒/核稿：林治平）1110724\r\n', 42, 3, '2022-07-25 10:33:17'),
(135, 2, 468493376, '飄香70年！新興宮旁「魷魚嘴羹麵」濃郁羹湯超鮮甜，再搭新鮮脆口燙魷魚', '魷魚興魷魚嘴羹\r\n地址：雲林縣\r\n\r\n電話：055346701\r\n\r\n時間：週一至日08：30～20：00', 6, 1, '2022-07-25 10:34:13'),
(136, 2, 468493376, '高CP值宮廟美食！鱔魚花枝麵用料超澎派，清甜羹湯嘗起來竟像喝高湯', '怪人花枝鱔魚麵\r\n地址：雲林縣土庫鎮中正路105號\r\n\r\n電話：056621545\r\n\r\n時間：週二至日10：00～19：30（週一休）', 4, 0, '2022-07-25 10:34:32'),
(138, 2, 1647758706, '哈囉', 'HAHAHA', 1, 0, '2022-07-26 15:28:45'),
(139, 2, 1647758706, '哈囉', '為什麼機對我們來說這麼重要？吉姆·羅恩曾經講過，要麽你主宰生活，要麽你被生活主宰。我希望諸位也能好好地體會這句話。拉羅什夫科在不經意間這樣說過，取得成就時堅持不懈，要比遭到失敗時頑強不屈更重要。這不禁令我深思。那麽，這種事實對本人來說意義重大，相信對這個世界也是有一定意義的。德國人講過一句話，只有在人群中間，才能認識自己。這讓我深深地想到，機因何而發生？我這幾天一直在思索這個問題，亞伯拉罕·林肯曾經告訴世人，我這個人走得很慢，但是我從不後退。帶著這句話，我們還要更加慎重的審視這個問題：機真的是很值得探究，一般來說，帶著這些問題，我們來審視一下機。了解清楚機到底是一種怎麽樣的存在，是解決一切問題的關鍵。蘇軾曾經說過一句發人深省的話，古之立大志者，不惟有超世之才，亦必有堅韌不拔之志。這句話語雖然很短，但令我浮想聯翩。別林斯基有說過一句話，好的書籍是最貴重的珍寶。這不禁令我深思。機的意義其實就隱藏在我們的生活中，卡耐基告訴我們，一個不注意小事情的人，永遠不會成就大事業。這似乎非常的有道理，對吧？普列姆昌德有說過一句話，希望的燈一旦熄滅，生活剎那間變成了一片黑暗。這果然是一句至理名言。', 1, 0, '2022-07-26 16:51:13'),
(142, 2, 949279425, '                                    拉哈哈11                                                                        ', '                                                                         \r\n                                    HELLO! 111\r\n                                                                        ', 1, 0, '2022-07-27 16:03:57');

-- --------------------------------------------------------

--
-- 資料表結構 `replys`
--

CREATE TABLE `replys` (
  `pid` int(11) NOT NULL,
  `userid` int(11) NOT NULL,
  `post_status` varchar(200) NOT NULL,
  `post_to` varchar(200) NOT NULL,
  `date_added` datetime NOT NULL
) ENGINE=InnoDB DEFAULT CHARSET=utf8mb4;

--
-- 傾印資料表的資料 `replys`
--

INSERT INTO `replys` (`pid`, `userid`, `post_status`, `post_to`, `date_added`) VALUES
(19, 468493376, '讚!感謝分享!', '468493376', '2022-07-27 16:53:47'),
(20, 468493376, '哇!感覺真的很好吃呢!謝謝你分享的資訊!', '579009785', '2022-07-27 17:30:24');

-- --------------------------------------------------------

--
-- 資料表結構 `requests`
--

CREATE TABLE `requests` (
  `request_id` int(11) NOT NULL,
  `sendingfrom` int(11) NOT NULL,
  `sendingto` int(11) NOT NULL,
  `accepted` enum('0','1','2') NOT NULL,
  `dateAdded` datetime NOT NULL
) ENGINE=InnoDB DEFAULT CHARSET=utf8mb4;

--
-- 傾印資料表的資料 `requests`
--

INSERT INTO `requests` (`request_id`, `sendingfrom`, `sendingto`, `accepted`, `dateAdded`) VALUES
(59, 468493376, 674762705, '1', '2022-07-27 10:07:42'),
(60, 468493376, 113812183, '1', '2022-07-27 10:07:54');

-- --------------------------------------------------------

--
-- 資料表結構 `users`
--

CREATE TABLE `users` (
  `uid` int(200) NOT NULL,
  `account` varchar(256) NOT NULL,
  `password` varchar(256) NOT NULL,
  `nickname` varchar(256) NOT NULL,
  `gender` varchar(256) NOT NULL,
  `email` varchar(256) NOT NULL,
  `birth` date NOT NULL,
  `img` varchar(400) NOT NULL,
  `status` varchar(256) NOT NULL,
  `register` datetime NOT NULL,
  `mid` int(11) NOT NULL,
  `unique_id` int(200) NOT NULL
) ENGINE=InnoDB DEFAULT CHARSET=utf8mb4;

--
-- 傾印資料表的資料 `users`
--

INSERT INTO `users` (`uid`, `account`, `password`, `nickname`, `gender`, `email`, `birth`, `img`, `status`, `register`, `mid`, `unique_id`) VALUES
(16, 'vivi0725', '32a1c1ea00ea0b65dbcd804b8dd7c680', 'vivi', '女', 'vivi@gmail.com', '1989-05-15', '1658713354gp2.jpg', '上線中', '2022-07-25 03:42:34', 0, 469070290),
(17, '妏臻', '', '妏臻', '女', 'lovetara1014@gmail.com', '1997-10-14', '1658713468—Pngtree—watercolor butterfly vector illustration_2473504.png', '下線囉', '2022-07-25 03:43:41', 2147483647, 349440153),
(18, 'pikachuu', 'fa797e46cae288499bbc9e11dc665e5c', 'pika', '女', 'pika@yahoo.com', '2013-05-14', '1658713529pikachu.png', '上線中', '2022-07-25 03:45:29', 0, 1341368808),
(19, 'iloveumji', '80ee0fd305b05506bda04ef85576c810', 'umjigogo', '男', 'umji@gmail.com', '2022-04-06', '1658713626umji1.jpg', '下線囉', '2022-07-25 03:47:06', 0, 630619810),
(20, 'Charmander', '23f93f629fd39e02d074910de6de2e03', 'Charmander', '男', 'hot@gmail.com', '1972-07-11', '1658713862004.png', '上線中', '2022-07-25 03:51:02', 0, 1070757840),
(21, 'Bulbasaur', 'f7d185e53e94fadbc3d95cff74a8e880', 'Bulbasaur', '女', 'Bulbasaur@gmail.com', '2011-02-22', '1658714477001.png', '上線中', '2022-07-25 04:01:17', 0, 1563353740),
(22, 'ilovevivi', 'fccf1df368b798c4482500174e7e9916', 'ilovevivi', '女', 'viviz@gmail.com', '2022-07-07', '1658714568gp4.jpg', '上線中', '2022-07-25 04:02:48', 0, 174530346),
(23, 'Charizard', '2b211f0b9c78f8ba7c8c05664a22b290', ' Charizard', '男', 'Charizard@gmail.com', '2010-12-17', '1658714628006.png', '上線中', '2022-07-25 04:03:48', 0, 610327608),
(24, 'hotsummer', '8228aa46b48d6226677755331050101f', 'hotsummer', '男', 'hotsummer@yahoo.com', '2021-10-09', '1658714697005.png', '上線中', '2022-07-25 04:04:57', 0, 1139320288),
(25, 'eatfood', '25d55ad283aa400af464c76d713c07ad', 'eatfood', '男', '123@gmail.com', '2022-07-02', '/16587147521653318723425.jpg', '上線中', '2022-07-25 04:05:52', 0, 468493376),
(26, 'wantspring', '2d96a2b9c2d41f4e555e130f08b6f246', 'wantspring', '女', 'want@gmail.com', '2022-07-23', '16587148133.jpg', '上線中', '2022-07-25 04:06:53', 0, 579009785),
(27, 'CY Wang', '', 'CY Wang', '女', 'f1ad489m@gmail.com', '2022-07-01', '1658730969pose_pien_uruuru_man.png', '上線中', '2022-07-25 04:55:05', 2147483647, 949279425),
(28, 'qazwsx123', '708a9c84b47404c5524405e5cbd910b8', '哈妮', '女', 'qazwsx123@gmail.com', '2022-06-27', '1658798106pose_pien_uruuru_man.png', '上線中', '2022-07-26 03:15:06', 0, 667862053),
(29, 'edcrfv123', 'a2db1b7412baf8b8f6b14641de4d671d', '阿雅', '女', 'edcrfv123@gmail.com', '2022-07-05', '16588031741658386188pikachu.png', '上線中', '2022-07-26 04:39:34', 0, 1647758706);

--
-- 已傾印資料表的索引
--

--
-- 資料表索引 `board_categories`
--
ALTER TABLE `board_categories`
  ADD PRIMARY KEY (`cid`);

--
-- 資料表索引 `collection`
--
ALTER TABLE `collection`
  ADD UNIQUE KEY `post_id` (`post_id`,`user_id`);

--
-- 資料表索引 `comments`
--
ALTER TABLE `comments`
  ADD PRIMARY KEY (`cid`);

--
-- 資料表索引 `friends`
--
ALTER TABLE `friends`
  ADD PRIMARY KEY (`friend_id`);

--
-- 資料表索引 `like_dislike`
--
ALTER TABLE `like_dislike`
  ADD UNIQUE KEY `post_id` (`post_id`,`user_id`);

--
-- 資料表索引 `messages`
--
ALTER TABLE `messages`
  ADD PRIMARY KEY (`msg_id`);

--
-- 資料表索引 `notifications`
--
ALTER TABLE `notifications`
  ADD PRIMARY KEY (`noti_id`);

--
-- 資料表索引 `posts`
--
ALTER TABLE `posts`
  ADD PRIMARY KEY (`aid`);

--
-- 資料表索引 `replys`
--
ALTER TABLE `replys`
  ADD PRIMARY KEY (`pid`);

--
-- 資料表索引 `requests`
--
ALTER TABLE `requests`
  ADD PRIMARY KEY (`request_id`);

--
-- 資料表索引 `users`
--
ALTER TABLE `users`
  ADD PRIMARY KEY (`uid`);

--
-- 在傾印的資料表使用自動遞增(AUTO_INCREMENT)
--

--
-- 使用資料表自動遞增(AUTO_INCREMENT) `comments`
--
ALTER TABLE `comments`
  MODIFY `cid` int(11) NOT NULL AUTO_INCREMENT, AUTO_INCREMENT=21;

--
-- 使用資料表自動遞增(AUTO_INCREMENT) `friends`
--
ALTER TABLE `friends`
  MODIFY `friend_id` int(11) NOT NULL AUTO_INCREMENT, AUTO_INCREMENT=22;

--
-- 使用資料表自動遞增(AUTO_INCREMENT) `messages`
--
ALTER TABLE `messages`
  MODIFY `msg_id` int(11) NOT NULL AUTO_INCREMENT, AUTO_INCREMENT=31;

--
-- 使用資料表自動遞增(AUTO_INCREMENT) `notifications`
--
ALTER TABLE `notifications`
  MODIFY `noti_id` int(11) NOT NULL AUTO_INCREMENT, AUTO_INCREMENT=56;

--
-- 使用資料表自動遞增(AUTO_INCREMENT) `posts`
--
ALTER TABLE `posts`
  MODIFY `aid` int(11) NOT NULL AUTO_INCREMENT, AUTO_INCREMENT=143;

--
-- 使用資料表自動遞增(AUTO_INCREMENT) `replys`
--
ALTER TABLE `replys`
  MODIFY `pid` int(11) NOT NULL AUTO_INCREMENT, AUTO_INCREMENT=21;

--
-- 使用資料表自動遞增(AUTO_INCREMENT) `requests`
--
ALTER TABLE `requests`
  MODIFY `request_id` int(11) NOT NULL AUTO_INCREMENT, AUTO_INCREMENT=65;

--
-- 使用資料表自動遞增(AUTO_INCREMENT) `users`
--
ALTER TABLE `users`
  MODIFY `uid` int(200) NOT NULL AUTO_INCREMENT, AUTO_INCREMENT=30;
COMMIT;

/*!40101 SET CHARACTER_SET_CLIENT=@OLD_CHARACTER_SET_CLIENT */;
/*!40101 SET CHARACTER_SET_RESULTS=@OLD_CHARACTER_SET_RESULTS */;
/*!40101 SET COLLATION_CONNECTION=@OLD_COLLATION_CONNECTION */;
